{
  "project_info": {
    "project_number": "604729444053",
    "firebase_url": "https://enigma-8ce67.firebaseio.com",
    "project_id": "enigma-8ce67",
    "storage_bucket": "enigma-8ce67.appspot.com"
  },
  "client": [
    {
      "client_info": {
        "mobilesdk_app_id": "1:604729444053:android:5f2395fd52853b0f",
        "android_client_info": {
          "package_name": "com.example.lakat.enigmaapp"
        }
      },
      "oauth_client": [
        {
          "client_id": "604729444053-lhmd75f3q1k8ua6o0ta1foqe3stok7rf.apps.googleusercontent.com",
          "client_type": 3
        }
      ],
      "api_key": [
        {
          "current_key": "AIzaSyBQi7uok_jb7CAwSw6Gzo4v8EYV7ohTMz4"
        }
      ],
      "services": {
        "analytics_service": {
          "status": 1
        },
        "appinvite_service": {
          "status": 1,
          "other_platform_oauth_client": []
        },
        "ads_service": {
          "status": 2
        }
      }
    }
  ],
  "configuration_version": "1"
}